{
    "Chinese Language and Literature / 中国语言文学": "0.00000000",
    "Clinical Medicine / 临床医学": "0.00000000",
    "Sports Science / 体育学": "0.00000000",
    "Civil Servant / 公务员": "0.00000000",
    "Veterinary Medicine / 兽医学": "0.00000000",
    "Middle School Chemistry / 初中化学": "0.00000000",
    "Middle School History / 初中历史": "0.00000000",
    "Middle School Geography / 初中地理": "0.00000000",
    "Middle School Politics / 初中政治": "0.00000000",
    "Middle School Mathematics / 初中数学": "0.00000000",
    "Middle School Physics / 初中物理": "0.00000000",
    "Middle School Biology / 初中生物": "0.00000000",
    "Physician / 医师资格": "0.00000000",
    "Basic Medicine / 基础医学": "0.00000000",
    "Modern Chinese History / 近代史纲要": "0.00000000",
    "College Chemistry / 大学化学": "0.00000000",
    "College Physics / 大学物理": "0.00000000",
    "College Economics / 大学经济学": "0.00000000",
    "College Programming / 大学编程": "0.00000000",
    "Professional Tour Guide / 导游资格": "0.00000000",
    "Business Administration / 工商管理": "0.00000000",
    "Ideological and Moral Cultivation / 思想道德修养与法律基础": "0.00000000",
    "Operating System / 操作系统": "0.00000000",
    "Teacher Qualification / 教师资格": "0.00000000",
    "Education Science / 教育学": "0.00000000",
    "Plant Protection / 植物保护": "0.00000000",
    "Probability and Statistics / 概率统计": "0.00000000",
    "Mao Zedong Thought / 毛泽东思想和中国特色社会主义理论体系概论": "0.00000000",
    "Law / 法学": "0.00000000",
    "Legal Professional / 法律职业资格": "0.00000000",
    "Accountant / 注册会计师": "0.00000000",
    "Urban and Rural Planner / 注册城乡规划师": "0.00000000",
    "Fire Engineer / 注册消防工程师": "0.00000000",
    "Electrical Engineer / 注册电气工程师": "0.00000000",
    "Metrology Engineer / 注册计量师": "0.00000000",
    "Environmental Impact Assessment Engineer / 环境影响评价工程师": "0.00000000",
    "Discrete Mathematics / 离散数学": "0.00000000",
    "Tax Accountant / 税务师": "0.00000000",
    "Art Studies / 艺术学": "0.00000000",
    "Computer Architecture / 计算机组成": "0.00000000",
    "Computer Network / 计算机网络": "0.00000000",
    "Logic / 逻辑学": "35.78431373",
    "Marxism / 马克思主义基本原理": "0.00000000",
    "High School Chemistry / 高中化学": "0.00000000",
    "High School History / 高中历史": "0.00000000",
    "High School Geography / 高中地理": "0.00000000",
    "High School Politics / 高中政治": "0.00000000",
    "High School Mathematics / 高中数学": "0.00000000",
    "High School Physics / 高中物理": "0.00000000",
    "High School Biology / 高中生物": "0.00000000",
    "High School Chinese / 高中语文": "0.00000000",
    "Advanced Mathematics / 高等数学": "0.00000000"
}